{
  "1": {
    "precision": 0.2647058823529412,
    "recall": 0.2616812682519817,
    "map": 0.2616812682519817,
    "hit_rate": 0.2647058823529412
  },
  "5": {
    "precision": 0.10700876095118558,
    "recall": 0.5266478931998331,
    "map": 0.3617551453205405,
    "hit_rate": 0.5328535669586983
  },
  "10": {
    "precision": 0.0658322903629513,
    "recall": 0.6459115561118063,
    "map": 0.3777712178251911,
    "hit_rate": 0.6530037546933667
  },
  "20": {
    "precision": 0.0378128911138909,
    "recall": 0.7395702962035877,
    "map": 0.3843962727598646,
    "hit_rate": 0.7468710888610763
  },
  "mrr": 0.38837417392218776,
  "latency_ms": {
    "p50": 403.84090000043216,
    "p90": 598.9159000000654,
    "mean": 454.04540899403656,
    "count": 3191
  }
}