{
  "1": {
    "precision": 0.2665832290362954,
    "recall": 0.26355861493533583,
    "map": 0.26355861493533583,
    "hit_rate": 0.2665832290362954
  },
  "5": {
    "precision": 0.10788485607008416,
    "recall": 0.5310283687943262,
    "map": 0.36481800166875356,
    "hit_rate": 0.5372340425531915
  },
  "10": {
    "precision": 0.06617647058823288,
    "recall": 0.6493533583646224,
    "map": 0.3807696335035191,
    "hit_rate": 0.6564455569461827
  },
  "20": {
    "precision": 0.03796933667083707,
    "recall": 0.7426992073425114,
    "map": 0.3874017084190357,
    "hit_rate": 0.75
  },
  "mrr": 0.3913516785185405,
  "latency_ms": {
    "p50": 408.51629999997385,
    "p90": 601.6992999993818,
    "mean": 446.89441993106544,
    "count": 3191
  }
}